los,cfreq,smoothed
0,17739,17739
1,78172,78172
2,73576,75648
3,75197,76721
4,81391,84806
5,97829,88079
6,85017,95320
7,103113,96920
8,102630,99203
9,91865,96475
10,94929,93697
11,94296,93509
12,91301,94191
13,96975,100604
14,113537,103079
15,98725,98766
16,84037,88095
17,81523,81940
18,80259,81435
19,82522,97397
20,129409,97656
21,81036,92663
22,67545,77298
23,56439,61271
24,52060,54285
25,49277,50541
26,46105,50366
27,48822,50661
28,55566,50139
29,53535,48723
30,46669,45824
31,39023,40978
32,34327,36715
33,31336,34443
34,32219,32988
35,35308,31532
36,31750,30393
37,27048,28815
38,25641,26357
39,24328,24741
40,23018,24546
41,23671,24212
42,26071,23356
43,23974,22481
44,20046,21209
45,18644,19245
46,17311,17860
47,16249,17491
48,17050,17013
49,18200,16401
50,16254,15915
51,14252,15097
52,13817,13959
53,12963,13355
54,12510,13389
55,13235,13250
56,14422,12957
57,13122,12669
58,11494,12205
59,11071,11270
60,10916,10644
61,9748,10508
62,9990,10214
63,10814,9753
64,9603,9459
65,8608,9053
66,8280,8406
67,7961,8114
68,7580,8104
69,8140,8019
70,8560,7831
71,7856,7670
72,7017,7362
73,6776,6925
74,6600,6674
75,6376,6677
76,6601,6618
77,7033,6453
78,6481,6348
79,5773,6179
80,5850,5872
81,5757,5716
82,5498,5726
83,5703,5658
84,5824,5542
85,5507,5433
86,5177,5269
87,4956,5039
88,4879,4927
89,4676,4905
90,4947,4857
91,5066,4712
92,4715,4612
93,4154,4439
94,4178,4235
95,4082,4152
96,4047,4285
97,4300,4669
98,4820,6212
99,6095,6220
100,11798,6033
101,4085,5716
102,3366,5136
103,3235,3455
104,3195,3253
105,3396,3145
106,3074,3065
107,2825,2989
108,2837,2878
109,2811,2831
110,2844,2857
111,2837,2864
112,2955,2841
113,2872,2801
114,2699,2748
115,2641,2677
116,2572,2626
117,2600,2622
118,2619,2605
119,2680,2577
120,2553,2545
121,2431,2486
122,2441,2424
123,2327,2399
124,2370,2397
125,2425,2376
126,2423,2355
127,2333,2333
128,2222,2288
129,2263,2218
130,2198,2200
131,2076,2229
132,2239,2241
133,2367,2223
134,2327,2221
135,2108,2190
136,2066,2132
137,2080,2089
138,2081,2101
139,2109,2105
140,2168,2067
141,2085,2044
142,1891,2004
143,1966,1948
144,1909,1914
145,1889,1934
146,1917,1909
147,1990,1896
148,1841,1885
149,1844,1859
150,1832,1812
151,1786,1804
152,1758,1824
153,1802,1819
154,1944,1801
155,1804,1778
156,1699,1755
157,1640,1701
158,1686,1696
159,1678,1720
160,1778,1703
161,1816,1684
162,1557,1676
163,1589,1648
164,1641,1621
165,1637,1647
166,1680,1670
167,1688,1663
168,1703,1639
169,1606,1610
170,1517,1584
171,1537,1552
172,1555,1552
173,1546,1581
174,1604,1573
175,1661,1553
176,1497,1536
177,1459,1509
178,1458,1459
179,1472,1465
180,1407,1489
181,1527,1498
182,1580,1495
183,1504,1487
184,1457,1457
185,1369,1419
186,1376,1405
187,1390,1400
188,1432,1416
189,1434,1399
190,1446,1391
191,1291,1391
192,1350,1384
193,1435,1370
194,1398,1384
195,1376,1389
196,1359,1342
197,1379,1325
198,1196,1309
199,1315,1295
200,1294,1285
201,1292,1302
202,1327,1290
203,1282,1289
204,1257,1276
205,1288,1252
206,1226,1245
207,1209,1255
208,1247,1261
209,1306,1257
210,1315,1251
211,1208,1237
212,1180,1211
213,1178,1176
214,1173,1185
215,1143,1198
216,1249,1200
217,1246,1188
218,1188,1188
219,1116,1168
220,1143,1137
221,1149,1141
222,1089,1159
223,1207,1159
224,1206,1148
225,1142,1147
226,1095,1125
227,1085,1096
228,1099,1095
229,1057,1100
230,1140,1097
231,1118,1092
232,1073,1097
233,1071,1088
234,1081,1076
235,1096,1078
236,1058,1090
237,1085,1096
238,1131,1086
239,1109,1092
240,1047,1086
241,1088,1062
242,1055,1041
243,1013,1059
244,1003,1040
245,1135,1030
246,992,1017
247,1009,1023
248,947,987
249,1030,988
250,956,987
251,999,1002
252,1003,981
253,1021,978
254,925,978
255,944,967
256,999,953
257,944,980
258,955,974
259,1058,961
260,915,962
261,933,961
262,950,941
263,948,950
264,957,957
265,964,956
266,964,941
267,948,930
268,873,921
269,902,904
270,916,898
271,882,924
272,919,934
273,1001,928
274,954,929
275,884,915
276,888,893
277,848,879
278,891,876
279,886,880
280,868,877
281,908,874
282,830,866
283,877,865
284,846,851
285,865,855
286,838,847
287,850,840
288,838,837
289,808,836
290,853,832
291,832,831
292,828,847
293,836,835
294,886,826
295,794,816
296,787,821
297,777,817
298,859,817
299,868,828
300,794,834
301,841,827
302,806,811
303,826,825
304,789,801
305,864,808
306,722,817
307,840,805
308,870,789
309,730,801
310,782,769
311,782,749
312,683,756
313,768,764
314,765,756
315,823,764
316,741,764
317,725,748
318,764,734
319,685,734
320,756,744
321,738,747
322,775,745
323,783,740
324,675,744
325,731,729
326,756,725
327,701,745
328,764,745
329,773,743
330,731,747
331,747,730
332,722,709
333,679,707
334,666,702
335,723,702
336,721,699
337,723,700
338,660,693
339,675,680
340,684,687
341,659,700
342,755,699
343,727,691
344,669,689
345,643,660
346,649,650
347,614,662
348,674,677
349,728,681
350,720,685
351,669,673
352,632,658
353,617,639
354,651,633
355,628,651
356,637,660
357,722,661
358,661,668
359,656,669
360,662,657
361,644,660
362,664,671
363,674,674
364,711,678
365,679,662
366,663,648
367,582,630
368,605,629
369,622,636
370,672,647
371,697,645
372,637,636
373,596,624
374,579,608
375,612,615
376,618,630
377,669,634
378,671,633
379,600,634
380,608,621
381,621,603
382,605,612
383,583,621
384,641,625
385,654,624
386,640,627
387,604,622
388,594,607
389,618,598
390,578,597
391,594,606
392,601,595
393,638,590
394,564,591
395,552,584
396,599,575
397,568,576
398,593,576
399,568,569
400,552,566
401,562,558
402,554,563
403,556,569
404,591,578
405,580,580
406,611,579
407,560,578
408,554,565
409,585,552
410,514,555
411,548,553
412,574,547
413,544,558
414,554,554
415,571,553
416,527,547
417,567,538
418,514,541
419,510,539
420,587,527
421,515,540
422,511,541
423,579,526
424,515,531
425,511,537
426,539,528
427,543,532
428,533,524
429,535,514
430,472,508
431,487,499
432,515,499
433,486,508
434,536,510
435,516,506
436,498,508
437,494,509
438,497,510
439,539,514
440,520,513
441,519,513
442,491,503
443,497,495
444,488,491
445,480,495
446,500,503
447,511,501
448,537,502
449,479,500
450,484,486
451,491,480
452,438,478
453,506,477
454,469,472
455,479,475
456,468,470
457,455,468
458,479,475
459,459,479
460,512,481
461,488,482
462,467,480
463,486,472
464,446,460
465,475,460
466,427,463
467,467,472
468,499,469
469,490,476
470,463,472
471,460,459
472,448,455
473,435,455
474,470,459
475,461,463
476,482,462
477,468,460
478,431,465
479,458,465
480,485,458
481,482,468
482,433,470
483,483,461
484,465,449
485,441,454
486,424,452
487,455,449
488,477,452
489,450,459
490,456,458
491,456,444
492,450,431
493,408,421
494,384,420
495,408,420
496,449,424
497,451,438
498,426,444
499,455,434
500,439,423
501,399,430
502,398,419
503,459,413
504,399,417
505,409,419
506,420,403
507,406,406
508,381,417
509,415,417
510,462,421
511,420,431
512,425,432
513,434,418
514,421,425
515,392,416
516,453,418
517,382,417
518,444,411
519,414,403
520,361,409
521,415,397
522,412,389
523,381,408
524,376,408
525,455,400
526,416,406
527,372,414
528,412,399
529,415,394
530,380,398
531,389,392
532,394,384
533,383,383
534,372,376
535,379,366
536,350,371
537,347,374
538,407,373
539,385,379
540,375,384
541,380,370
542,372,362
543,338,357
544,345,358
545,350,367
546,387,375
547,414,380
548,381,382
549,370,378
550,356,375
551,371,369
552,396,371
553,353,372
554,378,372
555,361,357
556,374,363
557,318,363
558,385,370
559,375,368
560,397,375
561,363,378
562,354,376
563,403,366
564,362,368
565,346,370
566,374,355
567,367,355
568,324,356
569,365,349
570,352,348
571,339,352
572,362,350
573,341,355
574,354,354
575,379,354
576,332,357
577,362,355
578,357,357
579,344,365
580,389,363
581,372,361
582,353,360
583,348,345
584,339,339
585,314,340
586,339,341
587,358,339
588,357,345
589,329,340
590,343,332
591,314,325
592,317,323
593,320,319
594,321,330
595,322,326
596,368,326
597,300,326
598,318,330
599,322,330
600,343,339
601,365,341
602,346,338
603,327,345
604,310,342
605,377,329
606,348,332
607,284,336
608,340,325
609,329,326
610,323,333
611,353,321
612,320,320
613,281,317
614,323,313
615,310,312
616,333,320
617,312,316
618,321,318
619,305,310
620,319,308
621,293,315
622,301,316
623,357,315
624,312,320
625,311,318
626,319,309
627,293,303
628,311,302
629,280,302
630,308,303
631,320,306
632,296,312
633,326,308
634,311,303
635,288,303
636,296,305
637,295,301
638,334,303
639,292,307
640,298,310
641,314,301
642,311,304
643,292,314
644,307,310
645,346,306
646,296,309
647,289,313
648,309,301
649,324,307
650,289,309
651,324,305
652,298,299
653,292,295
654,293,290
655,268,287
656,300,291
657,281,290
658,313,297
659,289,299
660,300,300
661,314,291
662,282,294
663,270,298
664,304,292
665,319,296
666,286,294
667,303,289
668,256,282
669,281,287
670,283,284
671,312,290
672,290,290
673,286,290
674,277,278
675,284,279
676,253,274
677,295,272
678,259,266
679,268,268
680,254,265
681,265,266
682,280,266
683,262,272
684,271,277
685,281,276
686,290,280
687,275,273
688,282,268
689,238,259
690,254,260
691,246,262
692,278,266
693,296,262
694,254,260
695,237,259
696,236,254
697,274,251
698,270,259
699,238,262
700,275,254
701,253,252
702,233,256
703,263,254
704,257,257
705,262,263
706,269,265
707,264,263
708,275,268
709,244,264
710,287,263
711,248,261
712,260,267
713,265,254
714,274,252
715,224,249
716,236,243
717,246,235
718,236,239
719,235,247
720,242,245
721,277,250
722,233,254
723,264,249
724,253,238
725,218,242
726,223,239
727,254,235
728,245,245
729,237,249
730,266,245
731,245,246
732,232,246
733,252,241
734,234,235
735,244,233
736,215,233
737,222,230
738,248,235
739,222,242
740,266,252
741,254,246
742,271,250
743,218,244
744,242,239
745,234,236
746,232,233
747,254,234
748,204,237
749,248,237
750,245,233
751,235,238
752,235,232
753,228,238
754,216,240
755,274,241
756,245,238
757,242,242
758,211,233
759,236,233
760,229,234
761,249,241
762,246,242
763,245,238
764,241,234
765,211,230
766,229,223
767,226,218
768,208,220
769,214,222
770,225,218
771,238,216
772,207,212
773,197,214
774,192,210
775,235,216
776,221,217
777,233,222
778,203,218
779,219,218
780,212,212
781,223,217
782,204,214
783,225,214
784,207,211
785,211,215
786,210,214
787,221,217
788,222,219
789,221,223
790,221,221
791,229,219
792,210,217
793,214,215
794,210,207
795,212,203
796,189,201
797,190,203
798,203,200
799,222,203
800,198,207
801,202,201
802,211,195
803,171,203
804,191,205
805,240,204
806,210,207
807,206,209
808,189,203
809,199,202
810,211,204
811,205,206
812,218,210
813,195,207
814,220,208
815,195,203
816,214,207
817,193,206
818,214,206
819,212,205
820,197,207
821,208,199
822,205,194
823,173,191
824,187,189
825,181,179
826,200,187
827,156,189
828,211,195
829,197,192
830,213,204
831,185,205
832,214,199
833,215,193
834,167,193
835,186,185
836,182,178
837,173,179
838,182,180
839,170,182
840,191,187
841,196,186
842,196,193
843,176,196
844,207,199
845,205,196
846,213,201
847,178,197
848,204,196
849,183,184
850,202,184
851,154,181
852,178,188
853,188,189
854,218,196
855,207,196
856,187,194
857,179,187
858,178,178
859,183,181
860,163,185
861,201,189
862,202,188
863,194,194
864,181,191
865,192,187
866,186,186
867,180,182
868,189,181
869,161,183
870,188,180
871,199,179
872,164,185
873,181,189
874,193,186
875,209,192
876,184,189
877,192,185
878,169,176
879,170,176
880,167,180
881,183,185
882,209,186
883,195,188
884,175,190
885,178,185
886,192,181
887,184,184
888,175,187
889,190,184
890,193,182
891,180,177
892,170,177
893,153,175
894,190,170
895,183,167
896,154,176
897,156,175
898,195,169
899,186,167
900,154,168
901,142,160
902,165,160
903,152,167
904,188,169
905,187,166
906,154,168
907,147,163
908,166,158
909,163,163
910,161,165
911,180,164
912,156,165
913,160,171
914,168,169
915,189,170
916,171,178
917,160,178
918,202,177
919,170,178
920,184,182
921,172,171
922,183,169
923,145,169
924,162,168
925,183,163
926,165,167
927,159,162
928,167,162
929,136,161
930,182,164
931,159,165
932,174,175
933,175,169
934,183,171
935,155,172
936,170,172
937,177,170
938,174,171
939,174,167
940,159,163
941,152,161
942,155,156
943,163,158
944,151,161
945,168,160
946,166,163
947,154,163
948,178,159
949,151,159
950,144,158
951,167,156
952,148,161
953,168,168
954,178,159
955,178,161
956,122,160
957,159,159
958,163,152
959,173,157
960,145,154
961,146,157
962,143,159
963,177,163
964,186,171
965,163,176
966,185,177
967,171,168
968,182,166
969,138,160
970,155,155
971,154,152
972,148,158
973,167,155
974,167,152
975,139,151
976,141,149
977,140,148
978,156,153
979,165,153
980,164,158
981,139,156
982,167,159
983,144,156
984,182,156
985,147,155
986,141,159
987,161,150
988,162,151
989,137,155
990,155,150
991,158,148
992,137,151
993,152,150
994,154,147
995,149,146
996,143,148
997,132,153
998,162,153
999,178,158
1000,148,165
1001,168,162
1002,169,155
1003,146,155
1004,143,149
1005,151,139
1006,135,142
1007,119,141
1008,162,138
1009,137,141
1010,139,143
1011,149,137
1012,130,139
1013,131,141
1014,144,141
1015,150,141
1016,148,145
1017,131,147
1018,154,140
1019,150,136
1020,116,137
1021,130,130
1022,136,127
1023,120,137
1024,131,142
1025,170,146
1026,155,151
1027,153,151
1028,146,148
1029,130,146
1030,154,145
1031,149,145
1032,145,147
1033,148,141
1034,140,137
1035,124,138
1036,130,141
1037,147,141
1038,164,140
1039,139,135
1040,121,135
1041,103,128
1042,148,128
1043,130,130
1044,137,139
1045,131,137
1046,148,137
1047,138,138
1048,132,135
1049,140,128
1050,115,129
1051,117,133
1052,140,126
1053,151,131
1054,109,136
1055,140,133
1056,140,128
1057,123,135
1058,128,136
1059,144,136
1060,143,139
1061,142,139
1062,136,139
1063,129,134
1064,143,134
1065,118,135
1066,142,137
1067,144,134
1068,138,139
1069,128,134
1070,141,132
1071,120,128
1072,135,129
1073,114,125
1074,136,130
1075,118,134
1076,149,137
1077,154,138
1078,127,139
1079,141,133
1080,123,131
1081,118,134
1082,144,130
1083,143,137
1084,124,137
1085,158,134
1086,116,131
1087,130,133
1088,128,129
1089,131,130
1090,140,133
1091,121,132
1092,146,133
1093,121,135
1094,139,136
1095,147,132
1096,125,133
1097,127,135
1098,128,127
1099,149,129
1100,107,127
1101,132,129
1102,119,125
1103,138,131
1104,131,133
1105,134,132
1106,145,129
1107,114,126
1108,119,127
1109,117,122
1110,140,124
1111,118,122
1112,124,124
1113,113,122
1114,125,119
1115,128,121
1116,105,123
1117,134,125
1118,121,124
1119,138,129
1120,124,125
1121,126,128
1122,115,125
1123,135,122
1124,125,122
1125,110,120
1126,123,116
1127,108,116
1128,112,123
1129,127,122
1130,145,127
1131,120,130
1132,129,126
1133,128,121
1134,108,121
1135,121,118
1136,118,119
1137,114,121
1138,134,118
1139,116,121
1140,109,120
1141,130,115
1142,111,117
1143,110,123
1144,127,122
1145,139,124
1146,122,131
1147,120,128
1148,148,120
1149,110,119
1150,101,117
1151,115,110
1152,109,113
1153,117,116
1154,121,117
1155,117,118
1156,120,117
1157,117,114
1158,111,117
1159,107,114
1160,129,112
1161,107,111
1162,107,109
1163,106,105
1164,97,107
1165,107,109
1166,119,110
1167,117,112
1168,111,115
1169,107,115
1170,119,111
1171,119,110
1172,99,111
1173,106,110
1174,110,107
1175,117,108
1176,103,108
1177,104,104
1178,104,100
1179,94,104
1180,97,105
1181,120,109
1182,112,109
1183,120,116
1184,96,112
1185,131,111
1186,102,108
1187,106,113
1188,105,111
1189,119,110
1190,124,112
1191,95,113
1192,117,110
1193,110,106
1194,106,110
1195,103,108
1196,114,110
1197,106,111
1198,122,110
1199,109,107
1200,101,109
1201,99,111
1202,114,110
1203,134,108
1204,102,112
1205,89,111
1206,122,105
1207,109,107
1208,105,114
1209,112,114
1210,120,115
1211,122,113
1212,114,108
1213,99,105
1214,86,98
1215,104,95
1216,87,98
1217,101,104
1218,111,106
1219,118,108
1220,114,108
1221,94,105
1222,104,105
1223,95,105
1224,116,108
1225,117,107
1226,110,108
1227,97,101
1228,98,99
1229,82,98
1230,108,99
1231,106,101
1232,100,107
1233,107,105
1234,116,107
1235,97,106
1236,114,106
1237,98,102
1238,107,103
1239,96,99
1240,98,101
1241,98,98
1242,106,101
1243,94,100
1244,111,101
1245,89,98
1246,105,100
1247,91,96
1248,103,99
1249,92,97
1250,105,98
1251,93,98
1252,97,99
1253,101,96
1254,99,100
1255,92,103
1256,110,104
1257,111,106
1258,108,104
1259,108,99
1260,85,96
1261,82,93
1262,96,89
1263,96,93
1264,85,98
1265,105,97
1266,106,96
1267,92,98
1268,91,98
1269,96,96
1270,104,98
1271,98,95
1272,99,94
1273,79,93
1274,91,90
1275,98,91
1276,82,96
1277,103,100
1278,105,101
1279,110,104
1280,107,102
1281,97,99
1282,89,94
1283,94,93
1284,83,94
1285,103,95
1286,101,96
1287,92,102
1288,102,100
1289,110,99
1290,93,101
1291,96,97
1292,105,93
1293,83,93
1294,89,92
1295,91,85
1296,90,85
1297,73,86
1298,83,84
1299,92,87
1300,83,91
1301,103,94
1302,94,95
1303,96,97
1304,99,92
1305,93,93
1306,79,92
1307,99,92
1308,88,93
1309,101,97
1310,96,90
1311,99,92
1312,68,95
1313,96,93
1314,118,92
1315,85,100
1316,94,99
1317,107,91
1318,92,95
1319,76,93
1320,107,88
1321,85,92
1322,81,95
1323,109,92
1324,91,93
1325,92,92
1326,91,89
1327,78,92
1328,93,94
1329,107,92
1330,103,96
1331,81,94
1332,95,87
1333,83,81
1334,71,85
1335,77,85
1336,100,87
1337,94,92
1338,94,96
1339,93,95
1340,99,92
1341,93,94
1342,80,93
1343,103,93
1344,92,94
1345,96,93
1346,99,90
1347,73,86
1348,92,78
1349,68,80
1350,58,81
1351,109,80
1352,80,83
1353,83,88
1354,85,84
1355,84,85
1356,89,85
1357,83,83
1358,83,81
1359,78,83
1360,72,86
1361,100,86
1362,96,88
1363,86,92
1364,84,86
1365,94,84
1366,72,83
1367,86,84
1368,77,81
1369,92,82
1370,80,86
1371,73,86
1372,106,84
1373,78,83
1374,84,86
1375,72,80
1376,90,82
1377,75,81
1378,89,87
1379,80,85
1380,99,88
1381,81,88
1382,89,89
1383,92,88
1384,82,91
1385,98,88
1386,95,88
1387,73,87
1388,94,81
1389,73,78
1390,71,82
1391,81,79
1392,89,84
1393,83,86
1394,98,87
1395,78,85
1396,89,83
1397,77,76
1398,71,78
1399,67,74
1400,86,75
1401,71,74
1402,78,75
1403,67,74
1404,75,76
1405,78,74
1406,83,77
1407,68,78
1408,79,79
1409,81,78
1410,83,81
1411,77,80
1412,83,81
1413,78,78
1414,82,78
1415,71,74
1416,75,74
1417,66,75
1418,77,75
1419,85,77
1420,73,80
1421,84,79
1422,80,76
1423,73,75
1424,71,74
1425,67,74
1426,78,78
1427,81,79
1428,93,82
1429,75,82
1430,83,80
1431,77,75
1432,70,75
1433,69,76
1434,78,76
1435,84,80
1436,77,79
1437,90,76
1438,65,75
1439,66,78
1440,78,77
1441,90,80
1442,85,81
1443,80,80
1444,73,78
1445,72,74
1446,79,76
1447,66,76
1448,90,75
1449,72,71
1450,70,73
1451,59,71
1452,76,72
1453,79,71
1454,74,73
1455,68,72
1456,69,71
1457,70,72
1458,76,69
1459,75,68
1460,57,65
1461,60,64
1462,57,63
1463,71,65
1464,69,67
1465,69,69
1466,70,72
1467,66,71
1468,84,70
1469,67,68
1470,65,69
1471,58,66
1472,71,63
1473,70,65
1474,53,69
1475,72,67
1476,77,66
1477,65,67
1478,62,66
1479,60,64
1480,68,62
1481,64,63
1482,55,66
1483,70,69
1484,73,69
1485,82,72
1486,64,73
1487,72,72
1488,74,70
1489,68,71
1490,74,71
1491,69,71
1492,70,72
1493,72,69
1494,76,70
1495,56,70
1496,75,67
1497,69,62
1498,60,65
1499,52,61
1500,68,60
1501,55,63
1502,66,65
1503,72,66
1504,64,66
1505,73,68
1506,56,65
1507,73,66
1508,61,67
1509,68,68
1510,75,66
1511,65,71
1512,60,72
1513,89,69
1514,70,69
1515,61,67
1516,67,64
1517,50,66
1518,73,68
1519,81,65
1520,67,70
1521,52,67
1522,75,66
1523,59,65
1524,77,68
1525,61,65
1526,70,67
1527,60,65
1528,67,64
1529,65,63
1530,58,63
1531,63,61
1532,63,59
1533,55,61
1534,56,61
1535,66,60
1536,66,58
1537,57,61
1538,46,62
1539,71,60
1540,69,63
1541,58,68
1542,73,66
1543,67,65
1544,62,68
1545,65,66
1546,74,64
1547,64,65
1548,56,62
1549,65,59
1550,53,56
1551,58,57
1552,50,54
1553,57,55
1554,53,53
1555,59,55
1556,47,57
1557,60,57
1558,65,57
1559,55,61
1560,56,59
1561,69,57
1562,50,57
1563,53,54
1564,56,53
1565,44,55
1566,60,58
1567,63,60
1568,69,64
1569,64,63
1570,62,65
1571,58,62
1572,70,60
1573,57,59
1574,53,59
1575,55,56
1576,61,55
1577,53,55
1578,54,56
1579,52,56
1580,60,56
1581,59,58
1582,57,61
1583,60,60
1584,68,61
1585,58,61
1586,61,61
1587,59,61
1588,61,61
1589,66,57
1590,56,59
1591,43,61
1592,68,56
1593,71,57
1594,43,59
1595,61,55
1596,53,55
1597,48,59
1598,70,59
1599,63,60
1600,59,62
1601,61,63
1602,57,63
1603,75,64
1604,64,66
1605,63,70
1606,73,65
1607,74,62
1608,50,60
1609,50,57
1610,51,52
1611,58,52
1612,52,53
1613,51,54
1614,52,56
1615,59,57
1616,66,60
1617,57,60
1618,64,58
1619,54,53
1620,50,54
1621,42,50
1622,60,51
1623,45,53
1624,60,58
1625,60,57
1626,63,58
1627,58,55
1628,51,55
1629,42,58
1630,59,59
1631,80,61
1632,63,63
1633,59,64
1634,53,60
1635,63,60
1636,64,62
1637,63,60
1638,66,58
1639,42,56
1640,53,52
1641,55,51
1642,46,54
1643,57,53
1644,57,52
1645,50,52
1646,49,51
1647,48,52
1648,53,55
1649,59,55
1650,64,55
1651,53,57
1652,48,56
1653,60,51
1654,55,50
1655,41,52
1656,44,52
1657,59,55
1658,60,57
1659,73,60
1660,51,58
1661,57,56
1662,49,52
1663,52,53
1664,52,53
1665,54,54
1666,56,56
1667,56,54
1668,62,52
1669,41,51
1670,46,52
1671,52,48
1672,59,48
1673,40,50
1674,44,49
1675,53,48
1676,49,53
1677,55,53
1678,63,54
1679,44,55
1680,61,55
1681,53,51
1682,56,53
1683,39,53
1684,56,53
1685,59,52
1686,53,56
1687,52,56
1688,58,56
1689,60,60
1690,59,59
1691,71,58
1692,46,55
1693,54,53
1694,47,49
1695,47,51
1696,51,51
1697,58,51
1698,53,52
1699,44,50
1700,53,49
1701,41,46
1702,55,48
1703,38,48
1704,51,48
1705,57,47
1706,41,48
1707,49,48
1708,44,47
1709,51,47
1710,51,46
1711,40,47
1712,45,49
1713,50,48
1714,60,50
1715,44,50
1716,50,51
1717,47,51
1718,53,53
1719,61,52
1720,56,53
1721,43,52
1722,50,51
1723,51,48
1724,53,51
1725,45,50
1726,58,48
1727,44,50
1728,42,50
1729,59,45
1730,46,46
1731,33,48
1732,48,45
1733,52,47
1734,46,51
1735,56,50
1736,54,51
1737,41,49
1738,57,48
1739,38,47
1740,52,51
1741,47,47
1742,59,48
1743,41,47
1744,41,48
1745,46,43
1746,54,43
1747,32,44
1748,43,45
1749,47,43
1750,48,45
1751,44,45
1752,45,43
1753,41,42
1754,38,42
1755,42,42
1756,45,44
1757,42,44
1758,51,45
1759,40,46
1760,49,46
1761,49,45
1762,42,47
1763,47,47
1764,49,47
1765,46,51
1766,53,52
1767,59,51
1768,51,50
1769,45,48
1770,41,49
1771,45,46
1772,61,45
1773,39,47
1774,39,47
1775,51,43
1776,47,46
1777,39,48
1778,56,45
1779,45,43
1780,37,44
1781,40,42
1782,42,41
1783,45,42
1784,43,43
1785,39,43
1786,46,43
1787,43,43
1788,42,42
1789,46,43
1790,31,44
1791,51,43
1792,48,40
1793,37,42
1794,34,41
1795,40,39
1796,48,39
1797,36,40
1798,37,42
1799,41,40
1800,46,41
1801,39,44
1802,44,44
1803,49,41
1804,41,41
1805,34,39
1806,36,38
1807,34,40
1808,47,42
1809,51,43
1810,42,45
1811,40,44
1812,43,41
1813,44,42
1814,37,42
1815,45,43
1816,41,43
1817,48,45
1818,45,44
1819,46,43
1820,39,44
1821,37,45
1822,51,45
1823,50,46
1824,47,50
1825,47,46
1826,54,47
1827,30,49
1828,55,45
1829,59,42
1830,27,46
1831,39,46
1832,52,42
1833,55,44
1834,38,44
1835,36,43
1836,40,40
1837,48,41
1838,37,41
1839,42,43
1840,38,41
1841,49,39
1842,38,41
1843,29,42
1844,53,40
1845,42,39
1846,40,41
1847,32,37
1848,37,38
1849,35,39
1850,48,41
1851,42,40
1852,45,39
1853,28,37
1854,34,36
1855,34,34
1856,38,37
1857,36,38
1858,43,42
1859,38,44
1860,55,45
1861,47,47
1862,41,46
1863,54,42
1864,33,41
1865,35,41
1866,40,36
1867,41,38
1868,33,41
1869,42,40
1870,47,38
1871,36,38
1872,31,36
1873,36,35
1874,29,34
1875,41,34
1876,34,32
1877,32,36
1878,25,34
1879,49,34
1880,31,35
1881,34,40
1882,37,38
1883,47,42
1884,43,42
1885,50,43
1886,35,42
1887,39,41
1888,41,40
1889,38,40
1890,46,40
1891,38,38
1892,37,37
1893,31,35
1894,31,36
1895,37,38
1896,42,38
1897,51,41
1898,30,40
1899,45,37
1900,31,37
1901,30,39
1902,47,34
1903,41,36
1904,22,38
1905,40,37
1906,41,35
1907,39,38
1908,32,38
1909,39,36
1910,40,35
1911,32,38
1912,34,38
1913,47,38
1914,35,40
1915,41,40
1916,41,37
1917,35,36
1918,33,36
1919,32,34
1920,38,33
1921,32,33
1922,32,34
1923,30,35
1924,38,35
1925,41,36
1926,35,36
1927,34,36
1928,34,33
1929,34,31
1930,27,30
1931,27,31
1932,29,31
1933,36,32
1934,34,34
1935,35,36
1936,36,35
1937,41,34
1938,31,33
1939,29,30
1940,26,29
1941,24,31
1942,34,30
1943,40,32
1944,26,33
1945,34,31
1946,30,30
1947,26,33
1948,33,35
1949,42,36
1950,42,39
1951,38,39
1952,40,38
1953,31,35
1954,39,34
1955,26,33
1956,35,33
1957,36,33
1958,31,36
1959,37,36
1960,39,36
1961,38,37
1962,33,35
1963,38,35
1964,27,34
1965,39,34
1966,33,36
1967,35,36
1968,45,37
1969,30,36
1970,42,34
1971,27,33
1972,28,31
1973,36,28
1974,24,31
1975,26,33
1976,40,33
1977,40,35
1978,36,37
1979,33,35
1980,36,34
1981,30,36
1982,34,38
1983,48,38
1984,44,40
1985,34,41
1986,39,39
1987,38,39
1988,41,38
1989,42,37
1990,30,35
1991,32,32
1992,30,30
1993,28,29
1994,29,29
1995,27,29
1996,30,28
1997,30,29
1998,24,30
1999,33,31
2000,34,33
2001,33,33
2002,41,34
2003,26,36
2004,37,37
2005,42,36
2006,38,38
2007,36,36
2008,38,35
2009,28,34
2010,34,32
2011,32,31
2012,30,33
2013,33,33
2014,35,32
2015,34,33
2016,29,32
2017,32,31
2018,31,29
2019,30,29
2020,23,28
2021,28,28
2022,27,29
2023,32,31
2024,37,31
2025,30,33
2026,31,33
2027,36,31
2028,33,33
2029,23,32
2030,40,31
2031,28,32
2032,32,33
2033,37,30
2034,29,33
2035,24,34
2036,43,32
2037,35,33
2038,27,33
2039,36,30
2040,26,31
2041,28,32
2042,38,31
2043,32,32
2044,30,31
2045,30,31
2046,26,31
2047,39,31
2048,29,32
2049,33,32
2050,33,28
2051,24,28
2052,19,27
2053,30,27
2054,29,28
2055,31,31
2056,33,30
2057,30,30
2058,25,29
2059,29,26
2060,26,25
2061,22,25
2062,24,25
2063,23,24
2064,32,25
2065,17,26
2066,30,26
2067,28,27
2068,25,30
2069,36,29
2070,29,30
2071,25,32
2072,36,30
2073,34,30
2074,28,30
2075,25,29
2076,26,27
2077,32,26
2078,25,27
2079,20,27
2080,30,26
2081,27,28
2082,29,29
2083,34,30
2084,27,30
2085,32,30
2086,28,30
2087,29,30
2088,33,28
2089,26,26
2090,25,25
2091,19,24
2092,24,26
2093,28,28
2094,33,29
2095,34,29
2096,27,28
2097,25,28
2098,22,28
2099,33,28
2100,31,28
2101,30,28
2102,25,26
2103,19,24
2104,26,23
2105,22,24
2106,22,27
2107,29,27
2108,35,28
2109,27,29
2110,27,28
2111,28,26
2112,25,25
2113,23,25
2114,23,23
2115,26,25
2116,20,24
2117,33,25
2118,19,25
2119,29,27
2120,25,25
2121,31,26
2122,19,25
2123,25,25
2124,23,24
2125,25,25
2126,29,26
2127,25,26
2128,29,27
2129,23,25
2130,28,27
2131,21,28
2132,35,30
2133,35,30
2134,30,31
2135,30,29
2136,24,26
2137,26,27
2138,21,26
2139,32,25
2140,25,24
2141,19,25
2142,25,27
2143,24,27
2144,40,28
2145,26,29
2146,24,29
2147,29,26
2148,27,26
2149,22,26
2150,29,24
2151,24,23
2152,20,22
2153,20,22
2154,18,21
2155,30,21
2156,19,23
2157,18,25
2158,29,24
2159,28,25
2160,28,27
2161,22,26
2162,28,26
2163,25,25
2164,29,26
2165,23,26
2166,24,26
2167,30,25
2168,23,25
2169,25,26
2170,25,27
2171,29,26
2172,34,28
2173,18,27
2174,34,25
2175,18,24
2176,20,26
2177,29,24
2178,27,26
2179,28,28
2180,28,29
2181,28,28
2182,32,29
2183,22,29
2184,35,28
2185,29,27
2186,22,27
2187,27,24
2188,20,22
2189,20,22
2190,21,22
2191,23,23
2192,26,25
2193,26,25
2194,29,27
2195,21,27
2196,31,27
2197,28,25
2198,25,25
2199,19,25
2200,22,25
2201,31,24
2202,29,26
2203,21,26
2204,25,26
2205,25,24
2206,29,24
2207,21,23
2208,22,23
2209,17,22
2210,28,23
2211,23,24
2212,27,24
2213,23,23
2214,20,23
2215,23,24
2216,22,24
2217,33,25
2218,22,25
2219,27,26
2220,20,23
2221,28,22
2222,17,23
2223,18,23
2224,31,22
2225,23,23
2226,21,24
2227,21,21
2228,23,21
2229,19,20
2230,21,20
2231,17,19
2232,21,22
2233,16,23
2234,34,25
2235,28,25
2236,28,26
2237,17,23
2238,23,22
2239,19,20
2240,23,21
2241,18,21
2242,21,23
2243,23,22
2244,28,24
2245,19,24
2246,29,22
2247,20,21
2248,14,21
2249,23,20
2250,21,20
2251,23,22
2252,21,22
2253,22,21
2254,21,20
2255,19,21
2256,17,24
2257,27,23
2258,34,24
2259,19,25
2260,23,24
2261,24,23
2262,20,24
2263,28,24
2264,26,22
2265,20,21
2266,16,20
2267,16,19
2268,20,18
2269,24,20
2270,16,20
2271,23,22
2272,18,22
2273,29,23
2274,25,22
2275,20,24
2276,20,22
2277,25,21
2278,18,21
2279,21,22
2280,20,22
2281,27,22
2282,26,22
2283,18,23
2284,21,22
2285,22,19
2286,21,20
2287,14,20
2288,21,20
2289,21,20
2290,21,20
2291,21,20
2292,18,20
2293,19,21
2294,21,21
2295,26,21
2296,22,20
2297,16,21
2298,17,19
2299,23,18
2300,15,18
2301,18,20
2302,16,20
2303,28,22
2304,25,22
2305,23,23
2306,20,21
2307,18,20
2308,17,22
2309,21,22
2310,34,22
2311,21,23
2312,19,23
2313,18,21
2314,25,21
2315,22,22
2316,20,22
2317,26,20
2318,18,20
2319,16,21
2320,20,19
2321,25,18
2322,14,18
2323,15,17
2324,16,14
2325,13,16
2326,12,19
2327,25,20
2328,28,21
2329,20,22
2330,20,21
2331,17,15
2332,19,15
2333,,
2334,17,
2335,25,
2336,12,
2337,17,
2338,17,
2339,19,
2340,23,
2341,24,
2342,26,
2343,18,
2344,23,
2345,20,
2346,15,
2347,21,
2348,28,
2349,25,
2350,21,
2351,11,
2352,15,
2353,25,
2354,14,
2355,22,
2356,21,
2357,17,
2358,20,
2359,13,
2360,17,
2361,14,
2362,25,
2363,15,
2364,21,
2365,19,
2366,24,
2367,11,
2368,12,
2369,17,
2370,20,
2371,22,
2372,21,
2373,23,
2374,18,
2375,21,
2376,16,
2377,,
2378,19,
2379,24,
2380,21,
2381,22,
2382,20,
2383,15,
2384,23,
2385,19,
2386,12,
2387,18,
2388,22,
2389,20,
2390,13,
2391,22,
2392,23,
2393,14,
2394,32,
2395,13,
2396,27,
2397,22,
2398,28,
2399,,
2400,12,
2401,18,
2402,18,
2403,22,
2404,22,
2405,16,
2406,18,
2407,25,
2408,27,
2409,17,
2410,13,
2411,15,
2412,21,
2413,21,
2414,25,
2415,23,
2416,20,
2417,27,
2418,19,
2419,18,
2420,18,
2421,20,
2422,14,
2423,18,
2424,15,
2425,28,
2426,19,
2427,17,
2428,21,
2429,21,
2430,17,
2431,,
2432,20,
2433,16,
2434,21,
2435,19,
2436,20,
2437,13,
2438,28,
2439,16,
2440,17,
2441,17,
2442,25,
2443,20,
2444,27,
2445,21,
2446,21,
2447,13,
2448,22,
2449,20,
2450,18,
2451,13,
2452,20,
2453,22,
2454,21,
2455,18,
2456,12,
2457,14,
2458,21,
2459,,
2460,15,
2461,21,
2462,16,
2463,23,
2464,12,
2465,25,
2466,16,
2467,15,
2468,20,
2469,24,
2470,25,
2471,22,
2472,18,
2473,14,
2474,17,
2475,17,
2476,11,
2477,15,
2478,18,
2479,16,
2480,22,
2481,19,
2482,16,
2483,19,
2484,18,
2485,,
2486,17,
2487,15,
2488,21,
2489,13,
2490,16,
2491,24,
2492,16,
2493,18,
2494,,
2495,,
2496,20,
2497,14,
2498,13,
2499,11,
2500,18,
2501,19,
2502,17,
2503,11,
2504,12,
2505,16,
2506,13,
2507,17,
2508,22,
2509,18,
2510,20,
2511,17,
2512,14,
2513,18,
2514,11,
2515,20,
2516,16,
2517,20,
2518,14,
2519,17,
2520,14,
2521,14,
2522,21,
2523,16,
2524,23,
2525,16,
2526,12,
2527,,
2528,21,
2529,17,
2530,17,
2531,20,
2532,17,
2533,13,
2534,24,
2535,,
2536,24,
2537,11,
2538,18,
2539,,
2540,13,
2541,22,
2542,18,
2543,17,
2544,,
2545,15,
2546,14,
2547,11,
2548,25,
2549,20,
2550,13,
2551,15,
2552,14,
2553,16,
2554,15,
2555,13,
2556,20,
2557,,
2558,27,
2559,13,
2560,19,
2561,18,
2562,,
2563,19,
2564,18,
2565,16,
2566,12,
2567,19,
2568,,
2569,,
2570,,
2571,14,
2572,,
2573,20,
2574,15,
2575,,
2576,16,
2577,21,
2578,18,
2579,17,
2580,14,
2581,12,
2582,12,
2583,,
2584,11,
2585,13,
2586,12,
2587,12,
2588,21,
2589,14,
2590,14,
2591,11,
2592,15,
2593,20,
2594,,
2595,20,
2596,13,
2597,13,
2598,11,
2599,12,
2600,19,
2601,11,
2602,19,
2603,14,
2604,,
2605,15,
2606,13,
2607,17,
2608,14,
2609,20,
2610,,
2611,23,
2612,16,
2613,13,
2614,18,
2615,13,
2616,,
2617,13,
2618,17,
2619,,
2620,16,
2621,17,
2622,14,
2623,13,
2624,13,
2625,19,
2626,16,
2627,11,
2628,14,
2629,16,
2630,,
2631,17,
2632,23,
2633,15,
2634,,
2635,14,
2636,13,
2637,16,
2638,11,
2639,11,
2640,14,
2641,14,
2642,14,
2643,,
2644,18,
2645,14,
2646,13,
2647,13,
2648,14,
2649,,
2650,18,
2651,14,
2652,11,
2653,16,
2654,15,
2655,13,
2656,17,
2657,17,
2658,18,
2659,11,
2660,17,
2661,12,
2662,13,
2663,15,
2664,18,
2665,16,
2666,21,
2667,11,
2668,13,
2669,,
2670,14,
2671,12,
2672,,
2673,,
2674,15,
2675,12,
2676,18,
2677,19,
2678,15,
2679,,
2680,22,
2681,14,
2682,,
2683,,
2684,20,
2685,,
2686,14,
2687,,
2688,,
2689,,
2690,,
2691,,
2692,,
2693,14,
2694,12,
2695,12,
2696,11,
2697,24,
2698,17,
2699,13,
2700,16,
2701,15,
2702,14,
2703,,
2704,12,
2705,11,
2706,,
2707,,
2708,13,
2709,14,
2710,16,
2711,16,
2712,11,
2713,19,
2714,14,
2715,12,
2716,19,
2717,12,
2718,16,
2719,18,
2720,19,
2721,14,
2722,13,
2723,14,
2724,18,
2725,12,
2726,16,
2727,14,
2728,12,
2729,11,
2730,16,
2731,15,
2732,13,
2733,11,
2734,14,
2735,15,
2736,11,
2737,14,
2738,,
2739,12,
2740,17,
2741,,
2742,13,
2743,,
2744,12,
2745,15,
2746,12,
2747,12,
2748,,
2749,13,
2750,,
2751,17,
2752,11,
2753,,
2754,12,
2755,,
2756,,
2757,,
2758,,
2759,,
2760,,
2761,15,
2762,13,
2763,,
2764,13,
2765,,
2766,13,
2767,11,
2768,15,
2769,,
2770,12,
2771,,
2772,12,
2773,13,
2774,13,
2775,13,
2776,11,
2777,,
2778,17,
2779,,
2780,16,
2781,11,
2782,,
2783,14,
2784,12,
2785,,
2786,20,
2787,,
2788,,
2789,14,
2790,,
2791,14,
2792,11,
2793,15,
2794,13,
2795,14,
2796,12,
2797,,
2798,12,
2799,11,
2800,,
2801,17,
2802,,
2803,12,
2804,,
2805,14,
2806,12,
2807,,
2808,,
2809,13,
2810,15,
2811,11,
2812,,
2813,15,
2814,11,
2815,12,
2816,,
2817,12,
2818,,
2819,14,
2820,11,
2821,14,
2822,17,
2823,13,
2824,,
2825,,
2826,15,
2827,12,
2828,13,
2829,15,
2830,,
2831,,
2832,,
2833,11,
2834,11,
2835,,
2836,11,
2837,11,
2838,16,
2839,,
2840,17,
2841,12,
2842,,
2843,15,
2844,12,
2845,18,
2846,,
2847,,
2848,12,
2849,11,
2850,,
2851,15,
2852,15,
2853,,
2854,12,
2855,11,
2856,14,
2857,,
2858,12,
2859,12,
2860,15,
2861,11,
2862,13,
2863,12,
2864,,
2865,,
2866,12,
2867,14,
2868,20,
2869,,
2870,,
2871,,
2872,,
2873,,
2874,15,
2875,,
2876,,
2877,,
2878,11,
2879,15,
2880,12,
2881,17,
2882,,
2883,,
2884,16,
2885,,
2886,,
2887,,
2888,14,
2889,,
2890,11,
2891,,
2892,17,
2893,,
2894,,
2895,11,
2896,11,
2897,11,
2898,,
2899,11,
2900,,
2901,12,
2902,,
2903,,
2904,,
2905,13,
2906,11,
2907,13,
2908,16,
2909,,
2910,13,
2911,11,
2912,13,
2913,13,
2914,16,
2915,11,
2916,12,
2917,11,
2918,11,
2919,13,
2920,13,
2921,,
2922,11,
2923,,
2924,12,
2925,11,
2926,13,
2927,,
2928,15,
2929,,
2930,13,
2931,11,
2932,,
2933,,
2934,,
2935,14,
2936,16,
2937,12,
2938,11,
2939,,
2940,17,
2941,,
2942,,
2943,18,
2944,12,
2945,,
2946,11,
2947,12,
2948,12,
2949,13,
2950,,
2951,14,
2952,11,
2953,12,
2954,,
2955,,
2956,,
2957,,
2958,,
2959,11,
2960,11,
2961,,
2962,,
2963,,
2964,12,
2965,,
2966,12,
2967,11,
2968,14,
2969,,
2970,17,
2971,,
2972,,
2973,,
2974,,
2975,,
2976,,
2977,,
2978,,
2979,,
2980,,
2981,11,
2982,11,
2983,,
2984,,
2985,,
2986,12,
2987,,
2988,11,
2989,11,
2990,,
2991,12,
2992,11,
2993,19,
2994,,
2995,11,
2996,11,
2997,,
2998,,
2999,11,
3000,,
3001,,
3002,,
3003,,
3004,12,
3005,,
3006,,
3007,14,
3008,,
3009,,
3010,,
3011,,
3012,,
3013,,
3014,,
3015,,
3016,13,
3017,12,
3018,12,
3019,,
3020,,
3021,,
3022,,
3023,,
3024,13,
3025,12,
3026,,
3027,11,
3028,,
3029,,
3030,11,
3031,,
3032,,
3033,11,
3034,,
3035,,
3036,,
3037,,
3038,,
3039,,
3040,,
3041,12,
3042,,
3043,,
3044,,
3045,,
3046,14,
3047,,
3048,,
3049,11,
3050,,
3051,,
3052,,
3053,11,
3054,,
3055,13,
3056,,
3057,12,
3058,,
3059,,
3060,,
3061,,
3062,,
3063,,
3064,,
3065,,
3066,,
3067,,
3068,,
3069,,
3070,,
3071,,
3072,,
3073,,
3074,,
3075,,
3076,11,
3077,,
3078,,
3079,,
3080,,
3081,,
3082,,
3083,16,
3084,,
3085,,
3086,,
3087,15,
3088,14,
3089,,
3090,,
3091,,
3092,,
3093,,
3094,11,
3095,,
3096,,
3097,,
3098,,
3099,,
3100,,
3101,,
3102,,
3103,,
3104,11,
3105,,
3106,12,
3107,,
3108,,
3109,,
3110,,
3111,,
3112,,
3113,,
3114,,
3115,,
3116,14,
3117,12,
3118,,
3119,,
3120,,
3121,,
3122,13,
3123,,
3124,11,
3125,,
3126,,
3127,,
3128,,
3129,,
3130,,
3131,,
3132,11,
3133,,
3134,,
3135,,
3136,11,
3137,,
3138,,
3139,,
3140,,
3141,,
3142,,
3143,,
3144,13,
3145,,
3146,,
3147,,
3148,,
3149,,
3150,,
3151,,
3152,,
3153,,
3154,,
3155,,
3156,,
3157,,
3158,,
3159,,
3160,11,
3161,,
3162,,
3163,,
3164,,
3165,11,
3166,,
3167,,
3168,,
3169,,
3170,,
3171,13,
3172,11,
3173,,
3174,,
3175,,
3176,12,
3177,,
3178,,
3179,,
3180,11,
3181,,
3182,,
3183,,
3185,,
3186,,
3187,,
3188,12,
3189,,
3190,,
3191,,
3192,,
3193,,
3194,,
3195,,
3196,,
3197,,
3198,15,
3199,15,
3200,,
3201,,
3202,,
3203,,
3204,,
3205,,
3206,,
3207,,
3208,,
3209,,
3210,,
3211,,
3212,,
3213,,
3214,,
3215,,
3216,,
3217,13,
3218,,
3219,,
3220,,
3221,,
3222,11,
3223,,
3224,,
3225,,
3226,,
3227,,
3228,,
3229,,
3230,,
3231,,
3232,,
3233,,
3234,,
3235,,
3236,,
3237,,
3238,,
3239,14,
3240,,
3241,,
3242,,
3243,,
3244,,
3245,,
3246,14,
3247,,
3248,,
3249,,
3250,,
3251,,
3252,,
3253,,
3254,,
3255,13,
3256,,
3257,,
3258,,
3259,,
3260,,
3261,,
3262,,
3263,,
3264,,
3265,,
3266,,
3267,,
3268,,
3269,,
3270,,
3271,,
3272,,
3273,11,
3274,,
3275,,
3276,,
3277,11,
3278,,
3279,,
3280,,
3281,,
3282,,
3283,13,
3284,,
3285,,
3286,,
3287,,
3288,,
3289,,
3290,,
3291,,
3292,,
3293,,
3294,,
3295,12,
3296,,
3297,,
3298,,
3299,,
3300,,
3301,,
3302,,
3303,,
3304,,
3305,,
3306,,
3307,,
3308,,
3309,,
3310,,
3311,,
3312,,
3313,,
3314,,
3315,,
3316,,
3317,,
3318,,
3319,,
3320,,
3321,,
3322,,
3323,,
3324,,
3325,,
3326,,
3327,,
3328,,
3329,,
3330,,
3331,,
3332,,
3333,,
3334,,
3335,,
3336,,
3337,,
3338,,
3339,,
3340,,
3341,,
3342,,
3343,,
3344,,
3345,,
3346,,
3347,,
3348,,
3349,,
3350,,
3351,,
3352,11,
3353,,
3354,,
3355,,
3356,,
3357,,
3358,,
3359,,
3360,,
3361,,
3362,,
3363,,
3364,,
3365,,
3366,,
3367,,
3368,,
3369,,
3370,,
3371,,
3372,13,
3373,,
3374,,
3375,,
3376,,
3377,,
3378,,
3379,,
3380,,
3381,,
3382,,
3383,,
3384,,
3385,,
3386,,
3387,,
3388,,
3389,,
3390,,
3391,,
3392,,
3393,,
3394,,
3395,,
3396,,
3397,,
3398,,
3399,,
3400,,
3401,,
3402,,
3403,,
3404,,
3405,13,
3406,,
3407,11,
3408,,
3409,,
3410,,
3411,,
3412,,
3413,,
3414,,
3415,,
3416,,
3417,,
3418,,
3419,,
3420,,
3421,,
3422,,
3423,,
3424,,
3425,,
3426,,
3427,,
3428,,
3429,,
3430,,
3431,,
3432,,
3433,,
3434,,
3435,,
3436,12,
3437,,
3438,,
3439,,
3440,,
3441,,
3442,,
3443,,
3444,,
3445,,
3446,,
3447,,
3448,,
3449,,
3450,12,
3451,,
3452,,
3453,,
3454,,
3455,,
3456,,
3457,,
3458,,
3459,,
3460,,
3461,,
3462,,
3463,,
3464,,
3465,,
3466,,
3467,,
3468,,
3469,,
3470,,
3471,,
3472,,
3473,,
3474,,
3475,,
3476,,
3477,,
3478,,
3479,,
3480,,
3481,,
3482,,
3483,,
3484,,
3485,,
3486,,
3487,,
3488,,
3489,,
3490,,
3491,,
3492,,
3493,,
3494,,
3495,,
3496,,
3497,,
3498,,
3499,,
3500,,
3501,,
3502,,
3503,,
3504,,
3505,,
3506,,
3507,,
3508,,
3509,,
3510,,
3511,,
3512,,
3513,,
3514,,
3515,,
3516,,
3517,,
3518,,
3519,,
3520,,
3521,,
3522,,
3524,,
3525,,
3526,,
3527,,
3528,,
3529,,
3530,,
3531,,
3532,,
3533,,
3534,,
3535,,
3536,,
3537,,
3538,,
3539,,
3540,,
3541,,
3542,,
3543,,
3544,,
3545,,
3546,,
3547,,
3548,,
3549,,
3550,,
3551,,
3552,,
3553,,
3554,,
3555,,
3556,,
3557,,
3558,,
3559,,
3560,,
3561,,
3562,,
3563,,
3564,,
3565,,
3566,,
3567,,
3568,,
3569,,
3570,,
3571,,
3572,,
3573,,
3574,,
3575,,
3576,,
3577,,
3578,,
3579,,
3580,,
3581,,
3582,,
3583,,
3584,,
3585,,
3586,,
3587,,
3588,,
3589,,
3590,,
3591,,
3592,,
3593,,
3594,,
3595,,
3596,,
3597,,
3598,,
3599,,
3600,,
3601,,
3602,,
3603,,
3604,,
3605,,
3607,,
3608,,
3609,,
3610,,
3611,,
3612,,
3613,,
3614,,
3615,,
3616,,
3617,,
3618,,
3619,,
3620,,
3621,,
3622,,
3623,,
3624,,
3625,,
3626,,
3627,,
3628,,
3629,,
3630,,
3631,,
3632,,
3633,,
3634,,
3635,,
3636,,
3637,,
3638,,
3639,,
3640,,
3641,,
3642,,
3643,,
3644,,
3645,,
3646,,
3647,,
3648,,
3649,,
3650,,
3651,,
3652,,
3653,,
3654,,
3655,,
3656,,
3657,,
3658,,
3659,,
3660,,
3661,,
3662,,
3663,,
3664,,
3665,,
3666,,
3667,,
3668,,
3669,,
3670,,
3671,,
3672,,
3673,,
3674,,
3675,,
3676,,
3677,,
3678,,
3679,,
3680,,
3681,,
3682,,
3683,,
3684,,
3685,,
3686,,
3687,,
3688,,
3689,,
3690,,
3691,,
3692,,
3693,,
3694,,
3695,,
3696,,
3697,,
3698,,
3699,,
3700,,
3701,,
3702,,
3703,,
3705,,
3706,,
3707,,
3708,,
3709,,
3710,,
3711,,
3712,,
3713,,
3714,,
3715,,
3716,,
3717,,
3718,,
3719,,
3720,,
3721,,
3722,,
3723,,
3724,,
3725,,
3726,,
3727,,
3728,,
3729,,
3730,,
3731,,
3732,,
3733,,
3734,,
3735,,
3736,,
3737,,
3738,,
3739,,
3741,,
3742,,
3743,,
3744,,
3745,,
3746,,
3747,,
3748,,
3749,,
3750,,
3751,,
3752,,
3753,,
3754,,
3755,,
3756,,
3757,,
3758,,
3759,,
3760,,
3761,,
3762,,
3763,,
3764,,
3765,,
3766,,
3767,,
3768,,
3769,,
3770,,
3771,,
3772,,
3773,,
3774,,
3775,,
3776,,
3777,,
3778,,
3779,,
3780,,
3781,,
3782,,
3783,,
3784,,
3785,,
3786,,
3787,,
3788,,
3789,,
3790,,
3791,,
3792,,
3793,,
3794,,
3795,,
3796,,
3797,,
3798,,
3799,,
3800,,
3801,,
3802,,
3803,,
3804,,
3805,,
3806,,
3807,,
3808,,
3809,,
3810,,
3811,,
3812,,
3813,,
3814,,
3815,,
3817,,
3818,,
3819,,
3820,,
3821,,
3822,,
3823,,
3824,,
3825,,
3826,,
3827,,
3828,,
3829,,
3830,,
3831,,
3832,,
3833,,
3834,,
3835,,
3836,,
3837,,
3838,,
3839,,
3840,,
3841,,
3842,,
3843,,
3844,,
3845,,
3846,,
3847,,
3848,,
3849,,
3850,,
3851,,
3852,,
3853,,
3854,,
3855,,
3856,,
3857,,
3858,,
3859,,
3860,,
3861,,
3862,,
3863,,
3864,,
3865,,
3866,,
3867,,
3868,,
3869,,
3870,,
3871,,
3872,,
3873,,
3874,,
3875,,
3876,,
3877,,
3878,,
3879,,
3880,,
3881,,
3882,,
3883,,
3884,,
3885,,
3886,,
3888,,
3889,,
3890,,
3891,,
3892,,
3893,,
3894,,
3895,,
3896,,
3897,,
3898,,
3900,,
3901,,
3902,,
3903,,
3904,,
3905,,
3906,,
3907,,
3908,,
3909,,
3910,,
3911,,
3912,,
3913,,
3914,,
3915,,
3916,,
3917,,
3918,,
3919,,
3920,,
3921,,
3923,,
3924,,
3925,,
3926,,
3927,,
3928,,
3929,,
3930,,
3931,,
3932,,
3933,,
3934,,
3936,,
3938,,
3939,,
3940,,
3941,,
3943,,
3944,,
3945,,
3946,,
3947,,
3948,,
3949,,
3950,,
3951,,
3952,,
3954,,
3955,,
3956,,
3957,,
3958,,
3959,,
3961,,
3962,,
3963,,
3964,,
3965,,
3966,,
3967,,
3968,,
3969,,
3970,,
3971,,
3972,,
3973,,
3974,,
3975,,
3976,,
3977,,
3978,,
3979,,
3980,,
3981,,
3982,,
3984,,
3985,,
3986,,
3987,,
3988,,
3989,,
3990,,
3991,,
3992,,
3993,,
3994,,
3995,,
3996,,
3997,,
3998,,
3999,,
4000,,
4001,,
4002,,
4003,,
4004,,
4005,,
4006,,
4007,,
4008,,
4009,,
4010,,
4011,,
4012,,
4013,,
4014,,
4015,,
4016,,
4017,,
4018,,
4019,,
4020,,
4021,,
4022,,
4024,,
4025,,
4026,,
4027,,
4028,,
4029,,
4030,,
4031,,
4032,,
4033,,
4035,,
4036,,
4037,,
4038,,
4040,,
4041,,
4043,,
4044,,
4045,,
4046,,
4047,,
4048,,
4049,,
4050,,
4051,,
4052,,
4053,,
4054,,
4055,,
4056,,
4057,,
4058,,
4059,,
4060,,
4061,,
4062,,
4063,,
4064,,
4065,,
4066,,
4067,,
4068,,
4069,,
4070,,
4071,,
4072,,
4073,,
4074,,
4075,,
4076,,
4077,,
4078,,
4079,,
4080,,
4081,,
4082,,
4083,,
4084,,
4086,,
4088,,
4089,,
4090,,
4091,,
4092,,
4093,,
4094,,
4095,,
4096,,
4097,,
4098,,
4099,,
4100,,
4101,,
4102,,
4103,,
4104,,
4105,,
4106,,
4107,,
4108,,
4109,,
4110,,
4111,,
4112,,
4113,,
4114,,
4116,,
4117,,
4119,,
4120,,
4121,,
4124,,
4125,,
4126,,
4127,,
4128,,
4129,,
4130,,
4131,,
4132,,
4133,,
4134,,
4135,,
4136,,
4138,,
4139,,
4140,,
4141,,
4142,,
4143,,
4144,,
4146,,
4147,,
4148,,
4149,,
4150,,
4151,,
4152,,
4153,,
4154,,
4155,,
4156,,
4157,,
4159,,
4160,,
4161,,
4162,,
4163,,
4164,,
4165,,
4166,,
4168,,
4169,,
4170,,
4171,,
4172,,
4173,,
4174,,
4175,,
4176,,
4177,,
4178,,
4179,,
4180,,
4181,,
4182,,
4183,,
4184,,
4185,,
4186,,
4187,,
4188,,
4189,,
4190,,
4191,,
4192,,
4193,,
4194,,
4195,,
4196,,
4197,,
4198,,
4199,,
4200,,
4202,,
4203,,
4204,,
4205,,
4206,,
4207,,
4208,,
4209,,
4210,,
4211,,
4212,,
4213,,
4214,,
4215,,
4216,,
4217,,
4218,,
4219,,
4220,,
4222,,
4223,,
4225,,
4226,,
4227,,
4228,,
4229,,
4230,,
4231,,
4232,,
4233,,
4234,,
4235,,
4237,,
4238,,
4239,,
4240,,
4243,,
4244,,
4246,,
4247,,
4248,,
4249,,
4250,,
4251,,
4252,,
4253,,
4254,,
4255,,
4256,,
4257,,
4259,,
4260,,
4262,,
4263,,
4264,,
4265,,
4266,,
4267,,
4268,,
4269,,
4270,,
4271,,
4272,,
4273,,
4274,,
4275,,
4276,,
4277,,
4278,,
4279,,
4280,,
4281,,
4282,,
4283,,
4284,,
4285,,
4286,,
4287,,
4288,,
4289,,
4290,,
4291,,
4292,,
4293,,
4294,,
4295,,
4296,,
4297,,
4298,,
4299,,
4301,,
4302,,
4303,,
4304,,
4305,,
4306,,
4307,,
4308,,
4310,,
4311,,
4312,,
4313,,
4314,,
4315,,
4316,,
4317,,
4318,,
4319,,
4320,,
4321,,
4322,,
4323,,
4324,,
4325,,
4326,,
4327,,
4330,,
4331,,
4332,,
4333,,
4334,,
4337,,
4338,,
4340,,
4341,,
4342,,
4343,,
4344,,
4345,,
4346,,
4347,,
4348,,
4349,,
4350,,
4351,,
4352,,
4353,,
4355,,
4356,,
4358,,
4359,,
4360,,
4361,,
4363,,
4364,,
4365,,
4367,,
4368,,
4369,,
4371,,
4372,,
4373,,
4374,,
4375,,
4376,,
4378,,
4379,,
4380,,
4381,,
4382,,
4383,,
4384,,
4385,,
4388,,
4389,,
4390,,
4391,,
4392,,
4393,,
4394,,
4395,,
4396,,
4397,,
4398,,
4399,,
4400,,
4401,,
4402,,
4403,,
4404,,
4405,,
4406,,
4407,,
4408,,
4410,,
4411,,
4412,,
4413,,
4414,,
4416,,
4419,,
4420,,
4421,,
4422,,
4423,,
4424,,
4425,,
4426,,
4427,,
4428,,
4429,,
4430,,
4431,,
4432,,
4433,,
4434,,
4437,,
4438,,
4441,,
4442,,
4443,,
4444,,
4445,,
4446,,
4447,,
4448,,
4449,,
4450,,
4451,,
4452,,
4453,,
4454,,
4455,,
4456,,
4458,,
4460,,
4461,,
4462,,
4463,,
4464,,
4465,,
4466,,
4467,,
4468,,
4469,,
4470,,
4471,,
4473,,
4474,,
4475,,
4476,,
4477,,
4478,,
4479,,
4481,,
4482,,
4483,,
4486,,
4487,,
4488,,
4490,,
4491,,
4492,,
4493,,
4494,,
4496,,
4497,,
4498,,
4500,,
4501,,
4503,,
4504,,
4505,,
4506,,
4507,,
4508,,
4509,,
4510,,
4511,,
4512,,
4513,,
4514,,
4515,,
4517,,
4518,,
4519,,
4520,,
4521,,
4523,,
4524,,
4525,,
4526,,
4527,,
4528,,
4529,,
4530,,
4531,,
4532,,
4533,,
4534,,
4535,,
4536,,
4538,,
4539,,
4540,,
4541,,
4542,,
4543,,
4544,,
4545,,
4546,,
4547,,
4548,,
4549,,
4550,,
4552,,
4553,,
4554,,
4555,,
4556,,
4557,,
4558,,
4559,,
4560,,
4561,,
4563,,
4564,,
4565,,
4567,,
4568,,
4569,,
4571,,
4572,,
4573,,
4575,,
4576,,
4577,,
4578,,
4580,,
4581,,
4582,,
4584,,
4587,,
4588,,
4589,,
4590,,
4591,,
4592,,
4593,,
4595,,
4596,,
4597,,
4599,,
4600,,
4602,,
4604,,
4606,,
4608,,
4609,,
4610,,
4611,,
4612,,
4613,,
4614,,
4615,,
4618,,
4619,,
4620,,
4621,,
4622,,
4623,,
4624,,
4625,,
4627,,
4628,,
4629,,
4630,,
4631,,
4633,,
4634,,
4636,,
4637,,
4639,,
4641,,
4642,,
4644,,
4645,,
4646,,
4647,,
4648,,
4649,,
4650,,
4651,,
4652,,
4654,,
4655,,
4657,,
4658,,
4660,,
4661,,
4662,,
4663,,
4665,,
4666,,
4667,,
4668,,
4669,,
4671,,
4672,,
4673,,
4674,,
4677,,
4678,,
4679,,
4680,,
4682,,
4683,,
4684,,
4685,,
4686,,
4687,,
4688,,
4690,,
4691,,
4692,,
4694,,
4695,,
4696,,
4698,,
4699,,
4700,,
4701,,
4702,,
4703,,
4704,,
4705,,
4706,,
4707,,
4709,,
4710,,
4711,,
4712,,
4713,,
4714,,
4716,,
4717,,
4719,,
4720,,
4721,,
4722,,
4723,,
4724,,
4726,,
4727,,
4728,,
4730,,
4731,,
4732,,
4733,,
4734,,
4735,,
4736,,
4737,,
4739,,
4741,,
4742,,
4743,,
4744,,
4745,,
4746,,
4748,,
4749,,
4750,,
4751,,
4752,,
4755,,
4756,,
4757,,
4758,,
4759,,
4760,,
4761,,
4762,,
4763,,
4764,,
4765,,
4766,,
4767,,
4768,,
4769,,
4773,,
4774,,
4775,,
4776,,
4777,,
4779,,
4781,,
4782,,
4783,,
4784,,
4786,,
4787,,
4788,,
4789,,
4791,,
4794,,
4795,,
4797,,
4799,,
4800,,
4801,,
4802,,
4805,,
4807,,
4808,,
4809,,
4811,,
4812,,
4813,,
4814,,
4816,,
4817,,
4818,,
4819,,
4820,,
4821,,
4822,,
4823,,
4824,,
4825,,
4826,,
4827,,
4829,,
4830,,
4835,,
4836,,
4838,,
4840,,
4841,,
4842,,
4843,,
4845,,
4847,,
4848,,
4850,,
4851,,
4852,,
4853,,
4854,,
4856,,
4857,,
4858,,
4859,,
4860,,
4862,,
4863,,
4864,,
4865,,
4866,,
4867,,
4870,,
4871,,
4873,,
4874,,
4875,,
4876,,
4877,,
4878,,
4879,,
4881,,
4882,,
4883,,
4884,,
4886,,
4890,,
4891,,
4892,,
4893,,
4894,,
4896,,
4897,,
4899,,
4900,,
4901,,
4903,,
4904,,
4906,,
4907,,
4908,,
4909,,
4910,,
4912,,
4913,,
4915,,
4916,,
4917,,
4918,,
4920,,
4921,,
4923,,
4924,,
4926,,
4930,,
4931,,
4933,,
4934,,
4935,,
4936,,
4938,,
4939,,
4941,,
4942,,
4945,,
4948,,
4949,,
4951,,
4952,,
4953,,
4956,,
4957,,
4958,,
4959,,
4961,,
4962,,
4964,,
4965,,
4966,,
4967,,
4968,,
4969,,
4970,,
4972,,
4973,,
4974,,
4977,,
4979,,
4980,,
4981,,
4985,,
4986,,
4987,,
4988,,
4991,,
4992,,
4994,,
4995,,
4996,,
4998,,
5000,,
5003,,
5004,,
5005,,
5006,,
5007,,
5008,,
5009,,
5010,,
5011,,
5012,,
5013,,
5015,,
5017,,
5018,,
5019,,
5021,,
5022,,
5024,,
5026,,
5027,,
5029,,
5030,,
5031,,
5032,,
5033,,
5036,,
5037,,
5038,,
5039,,
5040,,
5041,,
5043,,
5044,,
5047,,
5050,,
5051,,
5052,,
5053,,
5054,,
5058,,
5060,,
5061,,
5062,,
5064,,
5065,,
5066,,
5068,,
5069,,
5070,,
5072,,
5073,,
5074,,
5076,,
5078,,
5079,,
5080,,
5081,,
5083,,
5084,,
5085,,
5086,,
5087,,
5088,,
5089,,
5090,,
5091,,
5092,,
5093,,
5094,,
5095,,
5097,,
5098,,
5099,,
5101,,
5102,,
5104,,
5107,,
5108,,
5109,,
5114,,
5115,,
5116,,
5117,,
5118,,
5120,,
5121,,
5123,,
5124,,
5126,,
5127,,
5129,,
5132,,
5133,,
5134,,
5139,,
5140,,
5141,,
5142,,
5143,,
5144,,
5145,,
5146,,
5147,,
5148,,
5150,,
5151,,
5153,,
5155,,
5157,,
5158,,
5160,,
5163,,
5166,,
5167,,
5170,,
5171,,
5172,,
5173,,
5174,,
5175,,
5176,,
5178,,
5179,,
5180,,
5181,,
5182,,
5183,,
5184,,
5185,,
5186,,
5187,,
5188,,
5189,,
5191,,
5192,,
5196,,
5200,,
5203,,
5205,,
5207,,
5208,,
5210,,
5215,,
5219,,
5221,,
5222,,
5224,,
5226,,
5227,,
5230,,
5231,,
5233,,
5234,,
5236,,
5237,,
5238,,
5241,,
5242,,
5249,,
5250,,
5251,,
5252,,
5253,,
5254,,
5255,,
5256,,
5258,,
5259,,
5260,,
5261,,
5262,,
5265,,
5267,,
5268,,
5270,,
5273,,
5274,,
5276,,
5277,,
5278,,
5279,,
5285,,
5286,,
5288,,
5294,,
5295,,
5296,,
5297,,
5298,,
5299,,
5303,,
5304,,
5309,,
5311,,
5313,,
5315,,
5316,,
5317,,
5318,,
5321,,
5322,,
5324,,
5325,,
5326,,
5328,,
5329,,
5330,,
5333,,
5336,,
5338,,
5339,,
5340,,
5342,,
5345,,
5346,,
5348,,
5349,,
5351,,
5354,,
5357,,
5362,,
5364,,
5365,,
5366,,
5367,,
5368,,
5370,,
5373,,
5375,,
5376,,
5379,,
5380,,
5385,,
5388,,
5389,,
5390,,
5391,,
5393,,
5395,,
5396,,
5399,,
5400,,
5401,,
5402,,
5404,,
5406,,
5407,,
5411,,
5413,,
5415,,
5417,,
5418,,
5419,,
5420,,
5421,,
5427,,
5428,,
5431,,
5432,,
5434,,
5435,,
5436,,
5438,,
5440,,
5441,,
5443,,
5444,,
5447,,
5448,,
5449,,
5450,,
5451,,
5452,,
5455,,
5456,,
5458,,
5461,,
5462,,
5464,,
5470,,
5471,,
5477,,
5478,,
5479,,
5480,,
5482,,
5486,,
5487,,
5489,,
5492,,
5494,,
5497,,
5503,,
5504,,
5506,,
5508,,
5511,,
5513,,
5515,,
5516,,
5517,,
5519,,
5522,,
5523,,
5525,,
5526,,
5527,,
5529,,
5530,,
5532,,
5533,,
5534,,
5537,,
5539,,
5540,,
5541,,
5546,,
5549,,
5551,,
5553,,
5554,,
5556,,
5558,,
5559,,
5560,,
5561,,
5562,,
5563,,
5565,,
5566,,
5567,,
5570,,
5571,,
5573,,
5574,,
5576,,
5577,,
5580,,
5582,,
5584,,
5585,,
5586,,
5589,,
5590,,
5591,,
5593,,
5594,,
5595,,
5599,,
5602,,
5608,,
5610,,
5614,,
5617,,
5619,,
5620,,
5622,,
5623,,
5626,,
5627,,
5628,,
5633,,
5636,,
5639,,
5642,,
5643,,
5646,,
5648,,
5649,,
5651,,
5653,,
5654,,
5655,,
5656,,
5658,,
5662,,
5663,,
5664,,
5667,,
5670,,
5671,,
5672,,
5673,,
5675,,
5680,,
5681,,
5682,,
5683,,
5684,,
5694,,
5696,,
5700,,
5702,,
5703,,
5707,,
5709,,
5710,,
5711,,
5719,,
5723,,
5725,,
5727,,
5729,,
5732,,
5733,,
5734,,
5738,,
5739,,
5740,,
5742,,
5743,,
5744,,
5745,,
5746,,
5748,,
5750,,
5757,,
5760,,
5761,,
5766,,
5767,,
5769,,
5771,,
5772,,
5773,,
5776,,
5780,,
5781,,
5790,,
5792,,
5793,,
5794,,
5795,,
5798,,
5800,,
5801,,
5810,,
5811,,
5814,,
5815,,
5817,,
5818,,
5819,,
5824,,
5830,,
5831,,
5833,,
5835,,
5836,,
5838,,
5843,,
5845,,
5846,,
5847,,
5848,,
5849,,
5850,,
5851,,
5853,,
5854,,
5856,,
5859,,
5860,,
5861,,
5863,,
5867,,
5870,,
5872,,
5873,,
5875,,
5876,,
5879,,
5882,,
5883,,
5885,,
5888,,
5890,,
5891,,
5892,,
5894,,
5895,,
5896,,
5897,,
5898,,
5899,,
5900,,
5906,,
5912,,
5913,,
5915,,
5916,,
5921,,
5925,,
5931,,
5940,,
5942,,
5943,,
5944,,
5946,,
5948,,
5953,,
5958,,
5961,,
5964,,
5966,,
5967,,
5969,,
5970,,
5973,,
5974,,
5976,,
5979,,
5980,,
5983,,
5986,,
5992,,
5993,,
5994,,
5995,,
5998,,
6000,,
6001,,
6002,,
6003,,
6004,,
6005,,
6006,,
6007,,
6011,,
6014,,
6018,,
6019,,
6025,,
6032,,
6034,,
6035,,
6036,,
6037,,
6038,,
6040,,
6042,,
6045,,
6046,,
6048,,
6049,,
6050,,
6051,,
6052,,
6054,,
6057,,
6060,,
6062,,
6071,,
6072,,
6077,,
6082,,
6087,,
6094,,
6096,,
6098,,
6101,,
6103,,
6104,,
6105,,
6108,,
6112,,
6113,,
6114,,
6116,,
6123,,
6124,,
6126,,
6128,,
6132,,
6133,,
6134,,
6136,,
6140,,
6143,,
6146,,
6150,,
6152,,
6153,,
6154,,
6155,,
6158,,
6160,,
6163,,
6164,,
6165,,
6166,,
6168,,
6174,,
6179,,
6180,,
6181,,
6183,,
6189,,
6194,,
6197,,
6199,,
6200,,
6202,,
6205,,
6209,,
6210,,
6212,,
6214,,
6221,,
6223,,
6224,,
6226,,
6227,,
6229,,
6232,,
6242,,
6243,,
6248,,
6251,,
6254,,
6260,,
6261,,
6274,,
6277,,
6278,,
6281,,
6284,,
6286,,
6289,,
6295,,
6297,,
6308,,
6313,,
6316,,
6317,,
6324,,
6328,,
6329,,
6330,,
6331,,
6342,,
6343,,
6348,,
6351,,
6353,,
6355,,
6357,,
6359,,
6362,,
6367,,
6384,,
6387,,
6390,,
6391,,
6393,,
6398,,
6399,,
6408,,
6410,,
6412,,
6417,,
6419,,
6420,,
6421,,
6424,,
6425,,
6434,,
6435,,
6438,,
6444,,
6445,,
6450,,
6452,,
6455,,
6456,,
6462,,
6469,,
6476,,
6477,,
6482,,
6489,,
6497,,
6503,,
6517,,
6521,,
6522,,
6523,,
6527,,
6531,,
6538,,
6545,,
6547,,
6549,,
6554,,
6559,,
6564,,
6566,,
6568,,
6575,,
6580,,
6582,,
6591,,
6592,,
6595,,
6599,,
6601,,
6605,,
6606,,
6607,,
6612,,
6613,,
6615,,
6618,,
6626,,
6628,,
6635,,
6638,,
6642,,
6643,,
6653,,
6658,,
6661,,
6662,,
6668,,
6673,,
6675,,
6677,,
6684,,
6685,,
6690,,
6691,,
6694,,
6697,,
6704,,
6705,,
6708,,
6715,,
6719,,
6723,,
6726,,
6731,,
6733,,
6740,,
6757,,
6758,,
6773,,
6774,,
6775,,
6777,,
6787,,
6791,,
6794,,
6798,,
6800,,
6806,,
6810,,
6813,,
6815,,
6816,,
6817,,
6827,,
6833,,
6851,,
6852,,
6855,,
6860,,
6863,,
6866,,
6867,,
6878,,
6880,,
6890,,
6894,,
6897,,
6901,,
6902,,
6912,,
6921,,
6924,,
6927,,
6931,,
6933,,
6934,,
6936,,
6938,,
6940,,
6944,,
6947,,
6957,,
6965,,
6975,,
6976,,
6977,,
6978,,
6984,,
6987,,
6988,,
6993,,
6995,,
7006,,
7009,,
7010,,
7019,,
7027,,
7034,,
7047,,
7048,,
7053,,
7054,,
7055,,
7064,,
7069,,
7076,,
7081,,
7085,,
7097,,
7098,,
7099,,
7104,,
7108,,
7109,,
7112,,
7126,,
7130,,
7134,,
7139,,
7142,,
7157,,
7162,,
7166,,
7172,,
7175,,
7177,,
7181,,
7187,,
7191,,
7193,,
7198,,
7207,,
7221,,
7223,,
7225,,
7226,,
7231,,
7237,,
7239,,
7241,,
7258,,
7260,,
7264,,
7269,,
7272,,
7277,,
7279,,
7286,,
7289,,
7296,,
7303,,
7305,,
7327,,
7328,,
7343,,
7344,,
7348,,
7358,,
7387,,
7401,,
7409,,
7410,,
7424,,
7431,,
7437,,
7438,,
7440,,
7441,,
7442,,
7443,,
7446,,
7469,,
7470,,
7476,,
7501,,
7512,,
7524,,
7528,,
7529,,
7536,,
7542,,
7544,,
7561,,
7562,,
7566,,
7597,,
7599,,
7604,,
7612,,
7615,,
7621,,
7622,,
7625,,
7629,,
7657,,
7677,,
7682,,
7689,,
7714,,
7719,,
7720,,
7748,,
7754,,
7798,,
7809,,
7811,,
7813,,
7814,,
7825,,
7866,,
7873,,
7879,,
7886,,
7891,,
7908,,
7909,,
7917,,
7920,,
7923,,
7929,,
7931,,
7935,,
7941,,
7970,,
7976,,
7982,,
7983,,
7986,,
8006,,
8011,,
8022,,
8034,,
8054,,
8055,,
8059,,
8061,,
8082,,
8100,,
8115,,
8134,,
8139,,
8140,,
8148,,
8155,,
8160,,
8162,,
8182,,
8196,,
8216,,
8218,,
8234,,
8263,,
8276,,
8282,,
8322,,
8339,,
8343,,
8350,,
8361,,
8365,,
8368,,
8385,,
8391,,
8393,,
8407,,
8410,,
8418,,
8435,,
8441,,
8517,,
8518,,
8525,,
8553,,
8555,,
8566,,
8572,,
8593,,
8596,,
8614,,
8618,,
8630,,
8633,,
8664,,
8686,,
8710,,
8752,,
8756,,
8770,,
8773,,
8785,,
8788,,
8791,,
8805,,
8806,,
8819,,
8837,,
8840,,
8856,,
8859,,
8866,,
8904,,
8927,,
8937,,
8957,,
8983,,
8993,,
8999,,
9035,,
9068,,
9072,,
9146,,
9158,,
9184,,
9192,,
9198,,
9203,,
9240,,
9267,,
9271,,
9277,,
9306,,
9313,,
9316,,
9317,,
9329,,
9383,,
9493,,
9500,,
9517,,
9535,,
9538,,
9587,,
9609,,
9617,,
9639,,
9651,,
9656,,
9703,,
9709,,
9712,,
9743,,
9762,,
9767,,
9794,,
9828,,
9830,,
9855,,
9867,,
9879,,
9884,,
9912,,
9924,,
9976,,
10029,,
10174,,
10194,,
10227,,
10262,,
10269,,
10272,,
10280,,
10299,,
10342,,
10382,,
10383,,
10393,,
10418,,
10422,,
10428,,
10439,,
10447,,
10514,,
10518,,
10531,,
10532,,
10563,,
10567,,
10570,,
10578,,
10582,,
10666,,
10686,,
10697,,
10790,,
10844,,
10859,,
10932,,
10948,,
10954,,
11023,,
11037,,
11065,,
11074,,
11116,,
11121,,
11132,,
11157,,
11167,,
11181,,
11203,,
11216,,
11228,,
11291,,
11310,,
11332,,
11380,,
11383,,
11426,,
11503,,
11514,,
11599,,
11628,,
11629,,
11644,,
11700,,
11772,,
11814,,
11849,,
11868,,
11958,,
11976,,
12009,,
12023,,
12030,,
12067,,
12165,,
12172,,
12178,,
12180,,
12228,,
12415,,
12446,,
12583,,
12625,,
12712,,
12762,,
12794,,
12831,,
12851,,
13014,,
13106,,
13281,,
13337,,
13406,,
13449,,
13473,,
13479,,
13505,,
13518,,
13589,,
13604,,
13627,,
13787,,
13806,,
13867,,
14087,,
14106,,
14192,,
14224,,
14280,,
14316,,
14564,,
14598,,
14601,,
14673,,
14696,,
14734,,
14786,,
14888,,
14966,,
14968,,
15256,,
15366,,
15369,,
15562,,
15593,,
15608,,
15661,,
15665,,
15870,,
15890,,
16006,,
16259,,
16422,,
16694,,
16891,,
16924,,
16999,,
17094,,
17131,,
17601,,
18285,,
18571,,
19100,,
19693,,
19734,,
20111,,
20651,,
21070,,
21144,,
21159,,
22888,,
23323,,
26529,,